{
  "val_agg": {
    "MAE": 0.014803562313318253,
    "MSE": 0.0005646174540743232,
    "RMSE": 0.023761680349707603,
    "MAPE": 25.998687744140625,
    "DirAcc": 0.5701492201010573,
    "MR": 0.3985689580440521,
    "IC": 0.23993057827479441,
    "Sharpe": 2.6849827178477765,
    "PriceMAE": 3.41613045016838,
    "PriceMSE": 1189.4393018952562,
    "PriceRMSE": 34.488248750773884
  },
  "test_agg": {
    "MAE": 0.014742937870323658,
    "MSE": 0.0004963441169820726,
    "RMSE": 0.022278781980276108,
    "MAPE": 19.763931274414062,
    "DirAcc": 0.5128817508061294,
    "MR": 0.31109118461608887,
    "IC": 0.03832908130649949,
    "Sharpe": 0.46440762586503564,
    "PriceMAE": 3.946703614550386,
    "PriceMSE": 163.5750686330906,
    "PriceRMSE": 12.78964693152593
  }
}