{
    "mse": 0.004639667924493551,
    "rmse": 0.06811510771512985,
    "mae": 0.035806573927402496,
    "mape": 27.07142448425293,
    "smape": 10.326269149780273
}
