{
    "best_epoch": 8,
    "train_metrics": {
        "mse": 0.01659873127937317,
        "rmse": 0.12883606553077698,
        "mae": 0.04371315985918045,
        "mape": 147.09969758987427,
        "smape": 140.66903591156006
    },
    "test_metrics": {
        "mse": 0.015623144805431366,
        "rmse": 0.12499257922172546,
        "mae": 0.04188017547130585,
        "mape": 171.80379629135132,
        "smape": 135.17731428146362
    }
}