{
    "train_": {
        "mse": 0.01619536429643631,
        "rmse": 0.12726101279258728,
        "mae": 0.04279419779777527,
        "mape": 144.2086935043335,
        "smape": 140.6348705291748
    },
    "test_": {
        "mse": 0.016041725873947144,
        "rmse": 0.1266559362411499,
        "mae": 0.040291331708431244,
        "mape": 122.69127368927002,
        "smape": 145.12611627578735
    }
}