{
  "mae_log_return": 0.017581303413521047,
  "mse_log_return": 0.0017362637867283425,
  "rmse_log_return": 0.021762237711285076,
  "mase_log_return": 0.6756558306502121,
  "smape_log_return": 180.9416155092465,
  "crps_log_return": 0.013073472595082625,
  "mae_price": 1.1953975025346408,
  "mse_price": 19.012616450599737,
  "rmse_price": 1.3504647800031842
}