{
  "MAE": 0.016137832775712013,
  "RMSE": 0.02519502399338541,
  "R2": -0.05311942100524902
}