{
    "train_": {
        "mse": 0.6744087338447571,
        "rmse": 0.8212239146232605,
        "mae": 0.5244702696800232,
        "mape": 424.31903076171875,
        "smape": 58.85118103027344
    },
    "test_": {
        "mse": 0.6590864658355713,
        "rmse": 0.8118414282798767,
        "mae": 0.5214101672172546,
        "mape": 176.84738159179688,
        "smape": 59.233516693115234
    }
}
