{
  "model": {
    "mse_log_return": 0.00481719383969903,
    "mae_log_return": 0.04516518861055374,
    "rmse_log_return": 0.06940600723063552,
    "mape_log_return": 974.108154296875,
    "smape_log_return": 169.8546142578125,
    "mse_close": 56.30497741699219,
    "mae_close": 3.7325997352600098,
    "rmse_close": 7.503664266009786,
    "mape_close": 4.497646808624268,
    "smape_close": 4.550510406494141,
    "relative_mae_close_pct": 4.497646808624268,
    "mse_h1": 0.0009427539771422744,
    "mae_h1": 0.017701061442494392,
    "rmse_h1": 0.030704299000991284,
    "mape_h1": 102.82746887207031,
    "smape_h1": 185.42343139648438,
    "mse_close_h1": 6.526993751525879,
    "mae_close_h1": 1.2709248065948486,
    "rmse_close_h1": 2.5547981821517487,
    "mape_close_h1": 1.774697184562683,
    "smape_close_h1": 1.7688356637954712,
    "mse_h2": 0.000991972628980875,
    "mae_h2": 0.018625907599925995,
    "rmse_h2": 0.03149559697768682,
    "mape_h2": 189.96487426757812,
    "smape_h2": 146.6692352294922,
    "mse_close_h2": 13.769681930541992,
    "mae_close_h2": 1.9128780364990234,
    "rmse_close_h2": 3.710752205489069,
    "mape_close_h2": 2.6133387088775635,
    "smape_close_h2": 2.5862441062927246,
    "mse_h3": 0.0009446099284105003,
    "mae_h3": 0.017707346007227898,
    "rmse_h3": 0.030734507128153208,
    "mape_h3": 101.94327545166016,
    "smape_h3": 187.5908660888672,
    "mse_close_h3": 20.631832122802734,
    "mae_close_h3": 2.3441176414489746,
    "rmse_close_h3": 4.542227660829291,
    "mape_close_h3": 3.203300714492798,
    "smape_close_h3": 3.159311056137085,
    "mse_h4": 0.0020068008452653885,
    "mae_h4": 0.03615744411945343,
    "rmse_h4": 0.04479733078281996,
    "mape_h4": 849.9645385742188,
    "smape_h4": 151.18490600585938,
    "mse_close_h4": 56.087284088134766,
    "mae_close_h4": 4.256918430328369,
    "rmse_close_h4": 7.489144416295813,
    "mape_close_h4": 5.346598148345947,
    "smape_close_h4": 5.145937919616699,
    "mse_h5": 0.019199833273887634,
    "mae_h5": 0.135634183883667,
    "rmse_h5": 0.13856346298316752,
    "mape_h5": 3625.120849609375,
    "smape_h5": 178.40463256835938,
    "mse_close_h5": 184.5091094970703,
    "mae_close_h5": 8.878157615661621,
    "rmse_close_h5": 13.583413028288225,
    "mape_close_h5": 9.550298690795898,
    "smape_close_h5": 10.092222213745117,
    "directional_accuracy": 0.49070588235294116,
    "directional_acc_h1": 0.49458823529411766,
    "directional_acc_h2": 0.4792941176470588,
    "directional_acc_h3": 0.49670588235294116,
    "directional_acc_h4": 0.478,
    "directional_acc_h5": 0.5049411764705882,
    "ic_h1": -0.0007392540290588479,
    "ic_h2": 0.011373451392175144,
    "ic_h3": 0.0029639203338576187,
    "ic_h4": 0.04693657815727518,
    "ic_h5": -0.008369579643749648,
    "ic_mean": 0.01043302324209989,
    "icir_h1": 0.017319096566449477,
    "ls_sharpe_ratio": -1.2609368631841629,
    "ls_max_drawdown": -0.23740768432617188,
    "ls_avg_turnover": 0.3482142857142857,
    "ls_total_return": -0.12685047090053558,
    "ls_avg_daily_return": -0.001492358511313796,
    "ls_return_std": 0.018787970766425133,
    "ls_num_days": 85
  },
  "zero_baseline": {
    "mse_log_return": 0.0009450665675103664,
    "mae_log_return": 0.017726797610521317,
    "rmse_log_return": 0.03074193499944931,
    "mape_log_return": 100.0,
    "smape_log_return": 195.04367065429688,
    "mse_close": 20.17120361328125,
    "mae_close": 2.234656572341919,
    "rmse_close": 4.491236312339983,
    "mape_close": 3.0401134490966797,
    "smape_close": 3.0094261169433594,
    "relative_mae_close_pct": 3.0401134490966797,
    "mse_h1": 0.0009434575331397355,
    "mae_h1": 0.017692318186163902,
    "rmse_h1": 0.030715753826656044,
    "mape_h1": 100.0,
    "smape_h1": 195.01071166992188,
    "mse_close_h1": 6.534835338592529,
    "mae_close_h1": 1.269870400428772,
    "rmse_close_h1": 2.556332399863627,
    "mape_close_h1": 1.7746942043304443,
    "smape_close_h1": 1.7679611444473267,
    "mse_h2": 0.0009513786644674838,
    "mae_h2": 0.01771584525704384,
    "rmse_h2": 0.030844426797518604,
    "mape_h2": 100.0,
    "smape_h2": 195.01072692871094,
    "mse_close_h2": 13.071163177490234,
    "mae_close_h2": 1.8516710996627808,
    "rmse_close_h2": 3.615406364088307,
    "mape_close_h2": 2.53670597076416,
    "smape_close_h2": 2.5223793983459473,
    "mse_h3": 0.0009452678496018052,
    "mae_h3": 0.017702750861644745,
    "rmse_h3": 0.03074520856331609,
    "mape_h3": 100.0,
    "smape_h3": 195.0577850341797,
    "mse_close_h3": 19.8911075592041,
    "mae_close_h3": 2.301285743713379,
    "rmse_close_h3": 4.459944793291068,
    "mape_close_h3": 3.137031078338623,
    "smape_close_h3": 3.107548236846924,
    "mse_h4": 0.0009378840331919491,
    "mae_h4": 0.01771819405257702,
    "rmse_h4": 0.030624892378454966,
    "mape_h4": 100.0,
    "smape_h4": 195.0577850341797,
    "mse_close_h4": 27.3739013671875,
    "mae_close_h4": 2.713045835494995,
    "rmse_close_h4": 5.232007393648016,
    "mape_close_h4": 3.6598708629608154,
    "smape_close_h4": 3.616790533065796,
    "mse_h5": 0.0009473444079048932,
    "mae_h5": 0.017804887145757675,
    "rmse_h5": 0.0307789604747284,
    "mape_h5": 100.0,
    "smape_h5": 195.08131408691406,
    "mse_close_h5": 33.985015869140625,
    "mae_close_h5": 3.037410020828247,
    "rmse_close_h5": 5.829666874628483,
    "mape_close_h5": 4.0922651290893555,
    "smape_close_h5": 4.032451152801514,
    "directional_accuracy": 0.024776470588235296,
    "directional_acc_h1": 0.024941176470588234,
    "directional_acc_h2": 0.024941176470588234,
    "directional_acc_h3": 0.024705882352941175,
    "directional_acc_h4": 0.024705882352941175,
    "directional_acc_h5": 0.024588235294117647,
    "ic_h1": 0.0,
    "ic_h2": 0.0,
    "ic_h3": 0.0,
    "ic_h4": 0.0,
    "ic_h5": 0.0,
    "ic_mean": 0.0,
    "ls_sharpe_ratio": -1.2223790864650848,
    "ls_max_drawdown": -0.15037700533866882,
    "ls_avg_turnover": 0.0,
    "ls_total_return": -0.10029342025518417,
    "ls_avg_daily_return": -0.001179922604933381,
    "ls_return_std": 0.015323133207857609,
    "ls_num_days": 85
  }
}
