{
  "model": {
    "mse_log_return": 0.004724129103124142,
    "mae_log_return": 0.044985149055719376,
    "rmse_log_return": 0.06873230028977745,
    "mape_log_return": 961.64501953125,
    "smape_log_return": 168.9862060546875,
    "mse_close": 58.203311920166016,
    "mae_close": 3.798489570617676,
    "rmse_close": 7.629109510301056,
    "mape_close": 4.466104984283447,
    "smape_close": 4.558405876159668,
    "relative_mae_close_pct": 4.466104984283447,
    "mse_h1": 0.0007788090733811259,
    "mae_h1": 0.01747537963092327,
    "rmse_h1": 0.02790715093629455,
    "mape_h1": 103.02908325195312,
    "smape_h1": 185.66163635253906,
    "mse_close_h1": 6.656764984130859,
    "mae_close_h1": 1.3137682676315308,
    "rmse_close_h1": 2.5800707323891063,
    "mape_close_h1": 1.7459217309951782,
    "smape_close_h1": 1.7469003200531006,
    "mse_h2": 0.0008007033611647785,
    "mae_h2": 0.018045345321297646,
    "rmse_h2": 0.028296702301942863,
    "mape_h2": 186.78564453125,
    "smape_h2": 143.55982971191406,
    "mse_close_h2": 13.014739990234375,
    "mae_close_h2": 1.8733294010162354,
    "rmse_close_h2": 3.607594765246559,
    "mape_close_h2": 2.485893726348877,
    "smape_close_h2": 2.472733736038208,
    "mse_h3": 0.0007831112598069012,
    "mae_h3": 0.01756700873374939,
    "rmse_h3": 0.02798412513920886,
    "mape_h3": 102.03855895996094,
    "smape_h3": 188.23533630371094,
    "mse_close_h3": 19.447702407836914,
    "mae_close_h3": 2.352515697479248,
    "rmse_close_h3": 4.409954921293064,
    "mape_close_h3": 3.0886707305908203,
    "smape_close_h3": 3.0726711750030518,
    "mse_h4": 0.001750448253005743,
    "mae_h4": 0.03474383056163788,
    "rmse_h4": 0.04183835863183143,
    "mape_h4": 829.3847045898438,
    "smape_h4": 147.0688934326172,
    "mse_close_h4": 46.94445037841797,
    "mae_close_h4": 3.9576215744018555,
    "rmse_close_h4": 6.851602030066981,
    "mape_close_h4": 4.903120040893555,
    "smape_close_h4": 4.7543535232543945,
    "mse_h5": 0.019507572054862976,
    "mae_h5": 0.1370941698551178,
    "rmse_h5": 0.13966951011177414,
    "mape_h5": 3586.292236328125,
    "smape_h5": 180.4053497314453,
    "mse_close_h5": 204.95289611816406,
    "mae_close_h5": 9.495213508605957,
    "rmse_close_h5": 14.316176029867894,
    "mape_close_h5": 10.106917381286621,
    "smape_close_h5": 10.74537181854248,
    "directional_accuracy": 0.48486666666666667,
    "directional_acc_h1": 0.4632222222222222,
    "directional_acc_h2": 0.5142222222222222,
    "directional_acc_h3": 0.4657777777777778,
    "directional_acc_h4": 0.512,
    "directional_acc_h5": 0.4691111111111111,
    "ic_h1": -0.036170055623580666,
    "ic_h2": 0.019169041229264206,
    "ic_h3": 0.013952332562738432,
    "ic_h4": 0.054555514381883954,
    "ic_h5": -0.0687685157304939,
    "ic_mean": -0.0034523366360375953,
    "icir_h1": 0.08726344484112986,
    "ls_sharpe_ratio": 0.8293215933864979,
    "ls_max_drawdown": -0.11851073801517487,
    "ls_avg_turnover": 0.3606741573033708,
    "ls_total_return": 0.06858344376087189,
    "ls_avg_daily_return": 0.0007620382821187377,
    "ls_return_std": 0.014586590230464935,
    "ls_num_days": 90
  },
  "zero_baseline": {
    "mse_log_return": 0.0007765966583974659,
    "mae_log_return": 0.017492083832621574,
    "rmse_log_return": 0.02786748389068281,
    "mape_log_return": 100.0,
    "smape_log_return": 195.20343017578125,
    "mse_close": 19.54348373413086,
    "mae_close": 2.3102622032165527,
    "rmse_close": 4.420801254764894,
    "mape_close": 3.0045080184936523,
    "smape_close": 3.003248929977417,
    "relative_mae_close_pct": 3.0045080184936523,
    "mse_h1": 0.0007778040017001331,
    "mae_h1": 0.01743449829518795,
    "rmse_h1": 0.027889137700906657,
    "mape_h1": 100.0,
    "smape_h1": 195.15451049804688,
    "mse_close_h1": 6.640170574188232,
    "mae_close_h1": 1.3093628883361816,
    "rmse_close_h1": 2.5768528429439335,
    "mape_close_h1": 1.7426995038986206,
    "smape_close_h1": 1.7428133487701416,
    "mse_h2": 0.0007791073294356465,
    "mae_h2": 0.017483679577708244,
    "rmse_h2": 0.02791249414573421,
    "mape_h2": 100.0,
    "smape_h2": 195.198974609375,
    "mse_close_h2": 12.816129684448242,
    "mae_close_h2": 1.8756927251815796,
    "rmse_close_h2": 3.579962246232248,
    "mape_close_h2": 2.465934991836548,
    "smape_close_h2": 2.4650580883026123,
    "mse_h3": 0.000782549090217799,
    "mae_h3": 0.017539314925670624,
    "rmse_h3": 0.02797407889846954,
    "mape_h3": 100.0,
    "smape_h3": 195.22119140625,
    "mse_close_h3": 19.397886276245117,
    "mae_close_h3": 2.367628574371338,
    "rmse_close_h3": 4.404303154443971,
    "mape_close_h3": 3.0852725505828857,
    "smape_close_h3": 3.0834221839904785,
    "mse_h4": 0.0007863755454309285,
    "mae_h4": 0.01753806136548519,
    "rmse_h4": 0.028042388368877007,
    "mape_h4": 100.0,
    "smape_h4": 195.198974609375,
    "mse_close_h4": 26.20003890991211,
    "mae_close_h4": 2.808037281036377,
    "rmse_close_h4": 5.118597357666659,
    "mape_close_h4": 3.6276392936706543,
    "smape_close_h4": 3.6266140937805176,
    "mse_h5": 0.0007571471505798399,
    "mae_h5": 0.017464859411120415,
    "rmse_h5": 0.027516306993850756,
    "mape_h5": 100.0,
    "smape_h5": 195.24342346191406,
    "mse_close_h5": 32.66319274902344,
    "mae_close_h5": 3.1905899047851562,
    "rmse_close_h5": 5.715172153927075,
    "mape_close_h5": 4.100992202758789,
    "smape_close_h5": 4.0983381271362305,
    "directional_accuracy": 0.02397777777777778,
    "directional_acc_h1": 0.02422222222222222,
    "directional_acc_h2": 0.024,
    "directional_acc_h3": 0.02388888888888889,
    "directional_acc_h4": 0.024,
    "directional_acc_h5": 0.023777777777777776,
    "ic_h1": 0.0,
    "ic_h2": 0.0,
    "ic_h3": 0.0,
    "ic_h4": 0.0,
    "ic_h5": 0.0,
    "ic_mean": 0.0,
    "ls_sharpe_ratio": -3.4987522670026374,
    "ls_max_drawdown": -0.25700780749320984,
    "ls_avg_turnover": 0.0,
    "ls_total_return": -0.24107292294502258,
    "ls_avg_daily_return": -0.002678588032722473,
    "ls_return_std": 0.012153255753219128,
    "ls_num_days": 90
  }
}
