{
  "mse": 23.052435123599583,
  "mae": 1.1265089424382626,
  "mase": 0.6718360009784419,
  "smape": 2.7462171618600304,
  "crps": 0.9609154404450387
}