{
    "train_": {
        "mse": 1665.5374755859375,
        "rmse": 40.810997009277344,
        "mae": 11.958409309387207,
        "mape": 586.549711227417,
        "smape": 89.98914361000061
    },
    "test_": {
        "mse": 1553.642822265625,
        "rmse": 39.41627502441406,
        "mae": 9.689414978027344,
        "mape": 399.9183416366577,
        "smape": 73.99036288261414
    }
}