{
    "train_": {
        "mse": 0.09372444450855255,
        "rmse": 0.30614447593688965,
        "mae": 0.12442505359649658,
        "mape": 751.904296875,
        "smape": 123.62022399902344
    },
    "test_": {
        "mse": 0.08694925159215927,
        "rmse": 0.29487159848213196,
        "mae": 0.10504619777202606,
        "mape": 139.96459245681763,
        "smape": 126.85849666595459
    }
}