{
    "train_": {
        "mse": 2.2379510402679443,
        "rmse": 1.4959782361984253,
        "mae": 0.10685358941555023,
        "mape": 1188.2179260253906,
        "smape": 140.5900239944458
    },
    "test_": {
        "mse": 2.1043171882629395,
        "rmse": 1.4506264925003052,
        "mae": 0.09332973510026932,
        "mape": 151.25709772109985,
        "smape": 139.48676586151123
    }
}