{
  "mse": 77.46118927001953,
  "rmse": 8.801203727722168,
  "mae": 4.416960716247559,
  "mape": 6.174909591674805,
  "smape": 5.635110855102539
}