{
<<<<<<< HEAD
    "mse": 0.004616528749465942,
    "rmse": 0.06794504076242447,
    "mae": 0.035536207258701324,
    "mape": 26.546892166137695,
    "smape": 10.257634162902832
}
=======
    "mse": 44.41350173950195,
    "rmse": 6.664345741271973,
    "mae": 3.3324027061462402,
    "mape": 6.492659568786621,
    "smape": 5.291641712188721
}
>>>>>>> main
