{
    "mse": 44.41350173950195,
    "rmse": 6.664345741271973,
    "mae": 3.3324027061462402,
    "mape": 6.492659568786621,
    "smape": 5.291641712188721
}