{
    "mse": 0.004616528749465942,
    "rmse": 0.06794504076242447,
    "mae": 0.035536207258701324,
    "mape": 26.546892166137695,
    "smape": 10.257634162902832
}
