{
    "mse": 5.447696208953857,
    "rmse": 2.3340301513671875,
    "mae": 1.525649070739746,
    "mape": 280.2726745605469,
    "smape": 105.54679870605469
}
