{
    "train_": {
        "mse": 4.490807056427002,
        "rmse": 2.119152545928955,
        "mae": 1.3680118322372437,
        "mape": 1349.491943359375,
        "smape": 99.35535430908203
    },
    "test_": {
        "mse": 4.5146284103393555,
        "rmse": 2.124765396118164,
        "mae": 1.3695303201675415,
        "mape": 2159.3427734375,
        "smape": 96.98946380615234
    }
}
