{
    "train_": {
        "mse": 4.534723281860352,
        "rmse": 2.129488945007324,
        "mae": 1.3687703609466553,
        "mape": 1331.7332763671875,
        "smape": 98.98512268066406
    },
    "test_": {
        "mse": 4.579627513885498,
        "rmse": 2.1400065422058105,
        "mae": 1.386782169342041,
        "mape": 2096.76220703125,
        "smape": 98.7796630859375
    }
}
