{
  "MAE": 0.015923883765935898,
  "RMSE": 0.024605496418803094,
  "R2": -0.00018024444580078125
}