{
    "train_": {
        "mse": 642.7630004882812,
        "rmse": 25.352771759033203,
        "mae": 8.367658615112305,
        "mape": 295.64480781555176,
        "smape": 79.88564372062683
    },
    "test_": {
        "mse": 405.6680908203125,
        "rmse": 20.141202926635742,
        "mae": 7.634907245635986,
        "mape": 263.41710090637207,
        "smape": 73.06260466575623
    }
}
