{
    "mse": 0.4955926537513733,
    "rmse": 0.7039834260940552,
    "mae": 0.4706663191318512,
    "mape": 116.40589141845703,
    "smape": 52.73914337158203
}
