{
    "train_": {
        "mse": 0.6745805144309998,
        "rmse": 0.8213285207748413,
        "mae": 0.5246075391769409,
        "mape": 431.0491027832031,
        "smape": 58.85504913330078
    },
    "test_": {
        "mse": 0.6592914462089539,
        "rmse": 0.8119676113128662,
        "mae": 0.5215231776237488,
        "mape": 176.90182495117188,
        "smape": 59.23936462402344
    }
}
