{
    "train_": {
        "mse": 4.333804607391357,
        "rmse": 2.0817792415618896,
        "mae": 1.3362879753112793,
        "mape": 1471.2501220703125,
        "smape": 96.53327178955078
    },
    "test_": {
        "mse": 4.43486213684082,
        "rmse": 2.1059112548828125,
        "mae": 1.3457748889923096,
        "mape": 2082.97998046875,
        "smape": 98.08222198486328
    }
}
