{
    "train_": {
        "mse": 4.636003017425537,
        "rmse": 2.1531379222869873,
        "mae": 1.488734245300293,
        "mape": 1432.38623046875,
        "smape": 111.10682678222656
    },
    "test_": {
        "mse": 5.06598424911499,
        "rmse": 2.2507741451263428,
        "mae": 1.5302801132202148,
        "mape": 218.4512176513672,
        "smape": 113.43633270263672
    }
}
