{
    "train_": {
        "mse": 4.479367733001709,
        "rmse": 2.1164517402648926,
        "mae": 1.3565512895584106,
        "mape": 1431.7562255859375,
        "smape": 97.99844360351562
    },
    "test_": {
        "mse": 4.48077392578125,
        "rmse": 2.116783857345581,
        "mae": 1.3497005701065063,
        "mape": 2126.310791015625,
        "smape": 97.46588134765625
    }
}
