{
    "train_": {
        "mse": 5.455232620239258,
        "rmse": 2.335644006729126,
        "mae": 1.6716505289077759,
        "mape": 103.99674987792969,
        "smape": 188.14193725585938
    },
    "test_": {
        "mse": 3.5576932430267334,
        "rmse": 1.886184811592102,
        "mae": 1.5121922492980957,
        "mape": 99.67547607421875,
        "smape": 187.9565887451172
    }
}
