{
  "MAE": 0.016169428825378418,
  "RMSE": 0.025192257276381146,
  "R2": -0.05288803577423096
}